Workbook

Sheet Lead Scoring Master
A1: Latvia Manufacturing Market Entry — Lead Scoring Master
A2: Scoring rubric (100 pts): Industry Fit 20 | Hiring Signal 20 | Website/Digital 15 | Contact Quality 15 | International/Export 15 | Company Size 15
A4: Sr No | B4: Company | C4: Job Profile / Role Sourced | D4: Website | E4: City | F4: Industry / Segment | G4: Industry Fit (20) | H4: Hiring Signal (20) | I4: Website/Digital (15) | J4: Contact Quality (15) | K4: International/Export (15) | L4: Company Size (15) | M4: Likely Decision-Maker | N4: Best Outreach Channel | O4: Analyst Note | P4: Total Score (100) | Q4: Category
A5: 2 | B5: LSEZ "Jensen Metal" SIA | C5: Metal Materials Welder | D5: jensenmetal.eu | E5: Liepāja | F5: Metal Fabrication (Liepāja Special Economic Zone) | G5: 18 | H5: 18 | I5: 14 | J5: 12 | K5: 12 | L5: 9 | M5: Evija Feierābende – HR/Office Contact | N5: LinkedIn | O5: SEZ resident company; dedicated careers page; named HR contact with public LinkedIn profile. | P5: =SUM(G5:L5) -> 83 | Q5: =IF(P5>=75,"Hot",IF(P5>=50,"Warm","Cold")) -> Hot
A6: 3 | B6: SIA "SteelRise" | C6: Metal Materials Welder | D6: N/A | E6: Stopiņu nov. / Cēsis | F6: Metal Fabrication | G6: 10 | H6: 12 | I6: 2 | J6: 5 | K6: 3 | L6: 4 | M6: Galina Pokumeiko – Contact | N6: Phone | O6: No website; personal inbox.lv email domain signals very small / informal operation. | P6: =SUM(G6:L6) -> 36 | Q6: =IF(P6>=75,"Hot",IF(P6>=50,"Warm","Cold")) -> Cold
A7: 4 | B7: SIA "ASK ENTERPRISE" | C7: MAG Welder | D7: ask.lv | E7: Saulkrasti | F7: Metal Fabrication | G7: 14 | H7: 14 | I7: 9 | J7: 6 | K7: 4 | L7: 5 | M7: Office / General Manager | N7: Email | O7: Functional website and repeated welding vacancies, but only generic office contact available. | P7: =SUM(G7:L7) -> 52 | Q7: =IF(P7>=75,"Hot",IF(P7>=50,"Warm","Cold")) -> Warm
A8: 5 | B8: SIA "Industrial Welding" | C8: Mechanized Welder (MAG) | D8: industrialwelding.lv | E8: Daugavpils | F8: Metal Fabrication | G8: 15 | H8: 15 | I8: 10 | J8: 9 | K8: 5 | L8: 6 | M8: HR Department (hr@industrialwelding.lv) | N8: Email | O8: Dedicated HR mailbox and company domain indicate a structurally organized SME. | P8: =SUM(G8:L8) -> 60 | Q8: =IF(P8>=75,"Hot",IF(P8>=50,"Warm","Cold")) -> Warm
A9: 6 | B9: SIA Metalinvest | C9: MIG/MAG Welder | D9: metalcompany.lv | E9: Rīga (Šķirotava) | F9: Metal Fabrication | G9: 15 | H9: 16 | I9: 9 | J9: 11 | K9: 5 | L9: 7 | M9: Evgeniy Terebin – Director | N9: Email | O9: Named Director contact and a second, later job ad (see Sr. 50) show recurring hiring need. | P9: =SUM(G9:L9) -> 63 | Q9: =IF(P9>=75,"Hot",IF(P9>=50,"Warm","Cold")) -> Warm
A10: 7 | B10: SIA Turbolat | C10: Welder (MMA) | D10: turbolat.lv | E10: Rīga (Dārzciems) | F10: Metal Fabrication | G10: 13 | H10: 12 | I10: 8 | J10: 4 | K10: 3 | L10: 4 | M10: Office Contact | N10: Phone | O10: Basic company website; only a general office line/email available. | P10: =SUM(G10:L10) -> 44 | Q10: =IF(P10>=75,"Hot",IF(P10>=50,"Warm","Cold")) -> Cold
A11: 8 | B11: Paero Industries | C11: Welder (rebar/armature) | D11: N/A | E11: Jelgava | F11: Metal / Construction Materials | G11: 11 | H11: 11 | I11: 3 | J11: 5 | K11: 2 | L11: 3 | M11: Pavels Jerohins | N11: Phone | O11: No public website; named individual contact only, likely a small workshop. | P11: =SUM(G11:L11) -> 35 | Q11: =IF(P11>=75,"Hot",IF(P11>=50,"Warm","Cold")) -> Cold
A12: 9 | B12: AMB Solutions SIA | C12: Welder | D12: workin.lv (3rd-party board) | E12: Liepāja | F12: Metal Fabrication | G12: 11 | H12: 11 | I12: 3 | J12: 5 | K12: 3 | L12: 3 | M12: Viktorija Sniega – Administrator | N12: Phone | O12: Listed site is a job board, not a company domain; limited independent verification of scale. | P12: =SUM(G12:L12) -> 36 | Q12: =IF(P12>=75,"Hot",IF(P12>=50,"Warm","Cold")) -> Cold
A13: 10 | B13: SIA "Malmar Sheet Metal" | C13: Welder (sheet metal) | D13: N/A (malmar.eu email) | E13: Ventspils | F13: Sheet Metal Manufacturing | G13: 15 | H13: 14 | I13: 5 | J13: 12 | K13: 5 | L13: 5 | M13: Madara Seņkāne – HR | N13: Email | O13: Named HR contact with a corporate @malmar.eu address is a strong signal despite no public site. | P13: =SUM(G13:L13) -> 56 | Q13: =IF(P13>=75,"Hot",IF(P13>=50,"Warm","Cold")) -> Warm
A14: 11 | B14: SIA "MELDERI V" | C14: Welder / Metal Structure Assembly | D14: melderiv.lv | E14: Ciemupe, Ogres nov. | F14: Metal Structures | G14: 15 | H14: 14 | I14: 9 | J14: 11 | K14: 5 | L14: 6 | M14: Aigars Lazdiņš | N14: LinkedIn | O14: Has a contact page and a named contact with a public LinkedIn profile — easy to approach directly. | P14: =SUM(G14:L14) -> 60 | Q14: =IF(P14>=75,"Hot",IF(P14>=50,"Warm","Cold")) -> Warm
A15: 12 | B15: SIA "EUROSHIP SERVICE" | C15: Metal Materials Welder (shipbuilding) | D15: euroship.lv | E15: Rīga | F15: Shipbuilding / Ship Repair | G15: 17 | H15: 13 | I15: 9 | J15: 5 | K15: 10 | L15: 6 | M15: Office / Operations Manager | N15: Email | O15: Export-oriented shipbuilding sector; website exists but named contacts are not published. | P15: =SUM(G15:L15) -> 60 | Q15: =IF(P15>=75,"Hot",IF(P15>=50,"Warm","Cold")) -> Warm
A16: 13 | B16: SIA "Maritime Compani" | C16: Metal Materials Welder (shipbuilding) | D16: directory listing only | E16: Rīga | F16: Shipbuilding | G16: 16 | H16: 11 | I16: 3 | J16: 3 | K16: 9 | L16: 5 | M16: Office Contact | N16: Email | O16: Only found via a business directory; no verifiable company-owned site or named contact. | P16: =SUM(G16:L16) -> 47 | Q16: =IF(P16>=75,"Hot",IF(P16>=50,"Warm","Cold")) -> Cold
... A59: 57 | B59: DOJUS Latvia, SIA | C59: Warehouse Worker | D59: dojuslatvija.lv | E59: Rēzeknes nov. | F59: Agricultural Machinery Distribution (Lithuanian Dojus Group) | G59: 11 | H59: 12 | I59: 10 | J59: 12 | K59: 9 | L59: 8 | M59: Uldis Rungēvics / Marta Ākermane | N59: Email | O59: Part of the Lithuanian Dojus Group agricultural-machinery dealer network — good contact quality, though a distributor rather than a manufacturer. | P59: =SUM(G59:L59) -> 62 | Q59: =IF(P59>=75,"Hot",IF(P59>=50,"Warm","Cold")) -> Warm

Sheet Pipeline Dashboard
A1: Sales Pipeline Summary
A3: Metric | B3: Value
A4: Total Companies Analyzed | B4: =COUNTA('Lead Scoring Master'!B5:B59) -> 55
A5: Hot Leads (Score ≥ 75) | B5: =COUNTIF('Lead Scoring Master'!Q5:Q59,"Hot") -> 6
A6: Warm Leads (Score 50–74) | B6: =COUNTIF('Lead Scoring Master'!Q5:Q59,"Warm") -> 28
A7: Cold Leads (Score < 50) | B7: =COUNTIF('Lead Scoring Master'!Q5:Q59,"Cold") -> 21
A8: Average Lead Score | B8: =AVERAGE('Lead Scoring Master'!P5:P59) -> 55.581818
A9: Top 10 Outreach-Ready Companies | B9: 10
A11: Note: Sr. 6/50 (Metalinvest) and Sr. 18/46 (LAT Shipbuilding) are duplicate company records from separate job-ad sources; counts above reflect all 55 sourced records. Recommend de-duplicating to 53 unique companies before CRM import.

Sheet Top 10 Shortlist
A1: Top 10 Outreach-Ready Leads
A3: Rank | B3: Company | C3: Industry / Segment | D3: Score /100 | E3: Category | F3: Likely Decision-Maker | G3: Best Outreach Channel
A4: 1 | B4: Hansa Matrix | C4: Electronics Manufacturing Services (EMS) — publicly listed | D4: 92 | E4: Hot | F4: Inga Beņķe – HR | G4: Email
A5: 2 | B5: AS Valmieras Stikla Šķiedra | C5: Glass Fibre Manufacturing (Export) | D5: 90 | E5: Hot | F5: Recruitment Team (recruitment@valmiera-glass.com) | G5: Email
A6: 3 | B6: SSI Schaefer SIA | C6: Warehouse & Intralogistics Systems Manufacturing (German multinational) | D6: 84 | E6: Hot | F6: Līva Ugaine | G6: Email
A7: 4 | B7: LSEZ "Jensen Metal" SIA | C7: Metal Fabrication (Liepāja Special Economic Zone) | D7: 83 | E7: Hot | F7: Evija Feierābende – HR/Office Contact | G7: LinkedIn
A8: 5 | B8: Dinex Latvia SIA | C8: Automotive Exhaust Systems Manufacturing (Danish-owned) | D8: 82 | E8: Hot | F8: Diana Broka | G8: Email
A9: 6 | B9: Teters Metals | C9: CNC Precision Machining | D9: 80 | E9: Hot | F9: Valentin Teličenko | G9: Email
A10: 7 | B10: "VEREMS" RSEZ SIA "Lejas Ančupāni" | C10: Wood Panel / Plywood Manufacturing (Rēzekne SEZ, UPM-linked) | D10: 74 | E10: Warm | F10: HR / Plant Manager | G10: Email
A11: 8 | B11: SIA Leax Baltix | C11: Automotive Components (Swedish Leax Group) | D11: 74 | E11: Warm | F11: HR & Quality Team (hr.leaxquality@leax.com) | G11: Email
A12: 9 | B12: PRORING Latvia Ltd. | C12: CNC Precision Manufacturing | D12: 73 | E12: Warm | F12: Reinis Grunte | G12: LinkedIn
A13: 10 | B13: SIA "LAT Shipbuilding" | C13: Shipbuilding | D13: 71 | E13: Warm | F13: Agiya Walter – Personnel | G13: Email
